No.,Timestamp,Sequence Number,Attribute,Status,Data Type,Data Value
1,1778616779,99,Active Power,Success,16-Bit Signed Integer,0
2,1778616779,99,RMS Current,Success,16-Bit Unsigned Integer,0
3,1778616779,99,RMS Voltage,Success,16-Bit Unsigned Integer,223
4,1778616782,99,Active Power,Success,16-Bit Signed Integer,0
5,1778616782,99,RMS Current,Success,16-Bit Unsigned Integer,0
6,1778616782,99,RMS Voltage,Success,16-Bit Unsigned Integer,223
7,1778616789,99,Active Power,Success,16-Bit Signed Integer,0
8,1778616789,99,RMS Current,Success,16-Bit Unsigned Integer,0
9,1778616789,99,RMS Voltage,Success,16-Bit Unsigned Integer,223
10,1778616796,99,Active Power,Success,16-Bit Signed Integer,0
11,1778616796,99,RMS Current,Success,16-Bit Unsigned Integer,0
12,1778616796,99,RMS Voltage,Success,16-Bit Unsigned Integer,223
13,1778616800,99,Active Power,Success,16-Bit Signed Integer,0
14,1778616800,99,RMS Current,Success,16-Bit Unsigned Integer,0
15,1778616800,99,RMS Voltage,Success,16-Bit Unsigned Integer,223
16,1778616806,99,Active Power,Success,16-Bit Signed Integer,0
17,1778616806,99,RMS Current,Success,16-Bit Unsigned Integer,0
18,1778616806,99,RMS Voltage,Success,16-Bit Unsigned Integer,223
19,1778616807,99,Active Power,Success,16-Bit Signed Integer,0
20,1778616807,99,RMS Current,Success,16-Bit Unsigned Integer,0
21,1778616807,99,RMS Voltage,Success,16-Bit Unsigned Integer,223
22,1778616810,99,Active Power,Success,16-Bit Signed Integer,0
23,1778616810,99,RMS Current,Success,16-Bit Unsigned Integer,0
24,1778616810,99,RMS Voltage,Success,16-Bit Unsigned Integer,223
25,1778616831,99,Active Power,Success,16-Bit Signed Integer,0
26,1778616831,99,RMS Current,Success,16-Bit Unsigned Integer,0
27,1778616831,99,RMS Voltage,Success,16-Bit Unsigned Integer,223
28,1778616832,99,Active Power,Success,16-Bit Signed Integer,0
29,1778616832,99,RMS Current,Success,16-Bit Unsigned Integer,0
30,1778616832,99,RMS Voltage,Success,16-Bit Unsigned Integer,223
31,1778616833,99,Active Power,Success,16-Bit Signed Integer,0
32,1778616833,99,RMS Current,Success,16-Bit Unsigned Integer,0
33,1778616833,99,RMS Voltage,Success,16-Bit Unsigned Integer,223
34,1778616842,99,Active Power,Success,16-Bit Signed Integer,0
35,1778616842,99,RMS Current,Success,16-Bit Unsigned Integer,0
36,1778616842,99,RMS Voltage,Success,16-Bit Unsigned Integer,223
37,1778616843,99,Active Power,Success,16-Bit Signed Integer,0
38,1778616843,99,RMS Current,Success,16-Bit Unsigned Integer,0
39,1778616843,99,RMS Voltage,Success,16-Bit Unsigned Integer,223
40,1778616844,99,Active Power,Success,16-Bit Signed Integer,0
41,1778616844,99,RMS Current,Success,16-Bit Unsigned Integer,0
42,1778616844,99,RMS Voltage,Success,16-Bit Unsigned Integer,223
43,1778616846,99,RMS Current,Success,16-Bit Unsigned Integer,0
44,1778616861,99,Active Power,Success,16-Bit Signed Integer,0
45,1778616861,99,RMS Current,Success,16-Bit Unsigned Integer,0
46,1778616861,99,RMS Voltage,Success,16-Bit Unsigned Integer,223
47,1778616869,99,Active Power,Success,16-Bit Signed Integer,0
48,1778616869,99,RMS Current,Success,16-Bit Unsigned Integer,0
49,1778616869,99,RMS Voltage,Success,16-Bit Unsigned Integer,223
50,1778616871,99,Active Power,Success,16-Bit Signed Integer,0
51,1778616871,99,RMS Current,Success,16-Bit Unsigned Integer,0
52,1778616871,99,RMS Voltage,Success,16-Bit Unsigned Integer,223
53,1778616890,99,Active Power,Success,16-Bit Signed Integer,0
54,1778616890,99,RMS Current,Success,16-Bit Unsigned Integer,0
55,1778616890,99,RMS Voltage,Success,16-Bit Unsigned Integer,223
56,1778616904,99,Active Power,Success,16-Bit Signed Integer,0
57,1778616904,99,RMS Current,Success,16-Bit Unsigned Integer,0
58,1778616904,99,RMS Voltage,Success,16-Bit Unsigned Integer,223
59,1778616922,99,Active Power,Success,16-Bit Signed Integer,0
60,1778616922,99,RMS Current,Success,16-Bit Unsigned Integer,0
61,1778616922,99,RMS Voltage,Success,16-Bit Unsigned Integer,223
62,1778616926,99,Active Power,Success,16-Bit Signed Integer,0
63,1778616926,99,RMS Current,Success,16-Bit Unsigned Integer,0
64,1778616926,99,RMS Voltage,Success,16-Bit Unsigned Integer,223
65,1778616937,99,Active Power,Success,16-Bit Signed Integer,0
66,1778616937,99,RMS Current,Success,16-Bit Unsigned Integer,0
67,1778616937,99,RMS Voltage,Success,16-Bit Unsigned Integer,223
68,1778616943,99,Active Power,Success,16-Bit Signed Integer,0
69,1778616943,99,RMS Current,Success,16-Bit Unsigned Integer,0
70,1778616943,99,RMS Voltage,Success,16-Bit Unsigned Integer,223
71,1778616948,99,Active Power,Success,16-Bit Signed Integer,0
72,1778616948,99,RMS Current,Success,16-Bit Unsigned Integer,0
73,1778616948,99,RMS Voltage,Success,16-Bit Unsigned Integer,223
74,1778616963,99,Active Power,Success,16-Bit Signed Integer,0
75,1778616963,99,RMS Current,Success,16-Bit Unsigned Integer,0
76,1778616963,99,RMS Voltage,Success,16-Bit Unsigned Integer,223
77,1778616964,99,Active Power,Success,16-Bit Signed Integer,0
78,1778616964,99,RMS Current,Success,16-Bit Unsigned Integer,0
79,1778616964,99,RMS Voltage,Success,16-Bit Unsigned Integer,223
80,1778616965,99,Active Power,Success,16-Bit Signed Integer,0
81,1778616965,99,RMS Current,Success,16-Bit Unsigned Integer,0
82,1778616965,99,RMS Voltage,Success,16-Bit Unsigned Integer,223
