No.,ID,TIMESTAMP
1,22283,1778616774
2,22658,1778616775
3,23597,1778616776
4,10532,1778616777
5,3629,1778616778
6,899,1778616779
7,8150,1778616780
8,25978,1778616781
9,6812,1778616782
10,7160,1778616783
11,10418,1778616784
12,21057,1778616785
13,13050,1778616786
14,15129,1778616787
15,13382,1778616788
16,23936,1778616789
17,26767,1778616790
18,19429,1778616791
19,11622,1778616792
20,802,1778616793
21,19024,1778616794
22,8126,1778616795
23,6206,1778616796
24,769,1778616797
25,11936,1778616798
26,11766,1778616799
27,14858,1778616800
28,8933,1778616801
29,20710,1778616802
30,3613,1778616803
31,15054,1778616804
32,10026,1778616805
33,1324,1778616806
34,13500,1778616807
35,21067,1778616808
36,3703,1778616809
37,19257,1778616810
38,5502,1778616811
39,24920,1778616812
40,9847,1778616813
41,5359,1778616814
42,10365,1778616815
43,25237,1778616816
44,20948,1778616817
45,17040,1778616818
46,8589,1778616819
47,24233,1778616820
48,20266,1778616821
49,21122,1778616822
50,11700,1778616823
51,25996,1778616824
52,5672,1778616825
53,26565,1778616826
54,10757,1778616827
55,21299,1778616828
56,29175,1778616829
57,14523,1778616830
58,24755,1778616831
59,25592,1778616832
60,17660,1778616833
61,28787,1778616834
62,23225,1778616835
63,9981,1778616836
64,994,1778616837
65,9079,1778616838
66,21558,1778616839
67,6662,1778616840
68,27146,1778616841
69,8378,1778616842
70,11746,1778616843
71,23027,1778616844
72,10451,1778616845
73,7358,1778616846
74,5947,1778616847
75,16987,1778616848
76,3389,1778616849
77,22695,1778616850
78,13368,1778616851
79,4641,1778616852
80,15719,1778616853
81,17134,1778616854
82,26426,1778616855
83,28796,1778616856
84,8671,1778616857
85,17604,1778616858
86,15567,1778616859
87,22998,1778616860
88,3118,1778616861
89,15809,1778616862
90,29471,1778616863
91,20507,1778616864
92,23474,1778616865
93,29658,1778616866
94,15819,1778616867
95,14642,1778616868
96,24815,1778616869
97,13242,1778616870
98,6541,1778616871
99,21830,1778616872
100,25524,1778616873
101,8604,1778616874
102,7305,1778616875
103,5474,1778616876
104,8130,1778616877
105,22478,1778616878
106,8654,1778616879
107,27542,1778616880
108,12664,1778616881
109,17336,1778616882
110,17144,1778616883
111,5932,1778616884
112,3560,1778616885
113,23820,1778616886
114,3291,1778616887
115,23553,1778616888
116,5748,1778616889
117,6637,1778616890
118,651,1778616891
119,24561,1778616892
120,22447,1778616893
121,12452,1778616894
122,6748,1778616895
123,17445,1778616896
124,24648,1778616897
125,26832,1778616898
126,4464,1778616899
127,10535,1778616900
128,29466,1778616901
129,12290,1778616902
130,8750,1778616903
131,20373,1778616904
132,19839,1778616905
133,17516,1778616906
134,9707,1778616907
135,5535,1778616908
136,29719,1778616909
137,12372,1778616910
138,20581,1778616911
139,3213,1778616912
140,10314,1778616913
141,22433,1778616914
142,9014,1778616915
143,11102,1778616916
144,20828,1778616917
145,10533,1778616918
146,5009,1778616919
147,12952,1778616920
148,27254,1778616921
149,8717,1778616922
150,6010,1778616923
151,5816,1778616924
152,6461,1778616925
153,16850,1778616926
154,10906,1778616927
155,14835,1778616928
156,24513,1778616929
157,14667,1778616930
158,27384,1778616931
159,29464,1778616932
160,3411,1778616933
161,10230,1778616934
162,1427,1778616935
163,17331,1778616936
164,12443,1778616937
165,20342,1778616938
166,3129,1778616939
167,3967,1778616940
168,11007,1778616941
169,7008,1778616942
170,16230,1778616943
171,9845,1778616944
172,8727,1778616945
173,12222,1778616946
174,10718,1778616947
175,15459,1778616948
176,15376,1778616949
177,5130,1778616950
178,28868,1778616951
179,26158,1778616952
180,3690,1778616953
181,18498,1778616954
182,2781,1778616955
183,2775,1778616956
184,27719,1778616957
185,22598,1778616958
186,13360,1778616959
187,17907,1778616960
188,8595,1778616961
189,17278,1778616962
190,21958,1778616963
191,17585,1778616964
192,21415,1778616965
193,5213,1778616966
194,4178,1778616967
195,5207,1778616968
196,19529,1778616969
197,22118,1778616970
198,28084,1778616971
199,26103,1778616972
200,24963,1778616973
